"","Operational","State","Type","Latitude","Longitude","SimpleType"
"1","YES","Massachusetts","Incinerator",42.448592,-70.981389,"Incinerator"
"2","YES","Massachusetts","Incinerator",42.091378,-72.590753,"Incinerator"
"3","YES","Massachusetts","Sterilizer",42.461702,-71.290871,"Sterilizer"
"4","YES","Massachusetts","Incinerator",42.725405,-71.123177,"Incinerator"
"5","YES","New Jersey","Incinerator",40.602845,-74.265691,"Incinerator"
"6","YES","New Jersey","Incinerator",40.071086,-74.865694,"Incinerator"
"7","YES","New Mexico","Sterilizer",35.035648,-106.616003,"Sterilizer"
"8","YES","New Mexico","Incinerator",31.91635,-108.32299,"Incinerator"
"9","YES","New Mexico","Incinerator",31.785402,-107.628394,"Incinerator"
"10","Yes","New Mexico","Sterilizer",35.104256,-106.644152,"Sterilizer"
"11","YES","New York","Incinerator",40.738167,-73.590596,"Incinerator"
"12","YES","New York","Incinerator",40.786281,-73.105643,"Incinerator"
"13","YES","New York","Incinerator",41.291712,-73.911325,"Incinerator"
"14","YES","New York","Incinerator",43.08134,-79.00011,"Incinerator"
"15","YES","New York","Incinerator",41.081551,-73.868977,"Incinerator"
"16","YES","North Carolina","Autoclave (2) - Sterilizer",35.421285,-80.651309,"Sterilizer"
"17","YES","North Carolina","Autoclave (1) - Sterilizer",35.211433,-80.938639,"Sterilizer"
"18","YES","North Carolina","Incinerator",36.065796,-79.349674,"Incinerator"
"19","Sterilizer curretly non-operational.  RG diverted to Haw River faciltiy.","North Carolina","Autoclave (1) -Sterilizer",35.82305,-78.83015,"Sterilizer"
"20","YES","North Dakota","Incinerator",48.26369,-101.295559,"Incinerator"
"21","YES","North Dakota","Sterilizer",46.912762,-98.00733,"Sterilizer"
"22","YES","Ohio","incinerator",41.220793,-80.805727,"Incinerator"
"23","YES","Ohio","Sterilizer",41.722877,-83.517486,"Sterilizer"
"24","YES","Ohio","Incinerator",39.96118,-82.99879,"Incinerator"
"25","YES","Ohio","Incinerator",39.997606,-82.884783,"Incinerator"
"26","YES","Ohio","Incinerator",39.817366,-82.936065,"Incinerator"
"27","YES","Ohio","Incinerator",39.103954,-84.429642,"Incinerator"
"28","YES","Ohio","Incinerator",41.41083,-81.84944,"Incinerator"
"29","YES","Oklahoma","Incinerator",36.131959,-96.016067,"Incinerator"
"30","YES","Oklahoma","Sterilizer",35.748007,-96.644903,"Sterilizer"
"31","YES","Oregon","Incinerator",45.049502,-122.96264,"Incinerator"
"32","YES","Oregon","Steam Sterilizer",45.58832,-122.58839,"Sterilizer"
"33","YES","Pennsylvania","Sterilizer",39.884705,-75.229113,"Sterilizer"
"34","YES","Pennsylvania","Incinerator",39.82037,-75.41591,"Incinerator"
"35","YES","Pennsylvania","Incinerator",39.827347,-75.38726,"Incinerator"
"36","YES","Pennsylvania","Sterilizer",40.49608,-80.25547,"Sterilizer"
"37","YES","Pennsylvania","Incinerator",40.162045,-74.769741,"Incinerator"
"38","NO LONGER HANDLES RG - RGCA relinquished","Pennsylvania","Incinerator",40.071894,-76.643963,"Incinerator"
"39","YES","Puerto Rico","Sterilizer",18.033645,-66.844999,"Sterilizer"
"40","YES","Puerto Rico","Incinerator",18.499853,-67.130325,"Incinerator"
"41","YES","Puerto Rico","Sterilizer",18.405802,-66.276411,"Sterilizer"
"42","YES","Puerto Rico","Incinerator",18.488996,-67.136225,"Incinerator"
"43","YES","Texas","Sterilizer",29.711401,-95.204584,"Sterilizer"
"44","YES","South Carolina","Incinerator",33.94696,-81.12504,"Incinerator"
"45","YES","South Carolina","Incinerator",34.889705,-82.215254,"Incinerator"
"46","YES","South Dakota","Incinerator",44.14395,-103.07507,"Incinerator"
"47","YES","Tennessee","Sterilizer",35.074072,-90.078795,"Sterilizer"
"48","YES","Tennessee","Sterilizer",36.120339,-86.690585,"Sterilizer"
"49","YES","Tennessee","Incinerator",35.033165,-85.207482,"Incinerator"
"50","YES","Tennessee","Sterilizer",36.115174,-86.677658,"Sterilizer"
"51","YES","Texas","Steam Sterilizer            (unpressurized)",29.768717,-95.147778,"Sterilizer"
"52"," ","Texas","Sterilizer",32.836254,-96.837269,"Sterilizer"
"53"," ","Texas","Sterilizer",29.989266,-95.317916,"Sterilizer"
"54","Shutting down processor on 3/27/20","Texas","Sterilizer",29.948862,-95.314653,"Sterilizer"
"55"," ","Texas","Sterilizer",29.986827,-95.324649,"Sterilizer"
"56","YES","Texas","Incinerator",33.33473,-102.209611,"Incinerator"
"57","YES","Texas","Sterilizer",30.350943,-95.442365,"Sterilizer"
"58"," ","Texas","Sterilizer",32.879778,-97.042732,"Sterilizer"
"59"," ","Texas","Sterilizer",29.535035,-98.485979,"Sterilizer"
"60","YES","Texas","Sterilizer",30.057841,-97.611431,"Sterilizer"
"61"," ","Texas","Sterilizer",32.879778,-97.042732,"Sterilizer"
"62"," ","Texas","Sterilizer",31.798154,-106.400116,"Sterilizer"
"63"," ","Texas","Sterilizer",32.872411,-97.042908,"Sterilizer"
"64"," ","Texas","Sterilizer",27.545572,-99.452181,"Sterilizer"
"65","YES","Texas","Sterilizer",29.927197,-94.031617,"Sterilizer"
"66"," ","Texas","Sterilizer",30.205168,-97.661289,"Sterilizer"
"67","YES","Texas","Steam sterilizer",32.882011,-96.675758,"Sterilizer"
"68","YES","Texas","Sterilizer",27.790353,-97.535554,"Sterilizer"
"69"," ","Texas","Incinerator",25.909101,-97.436518,"Incinerator"
"70"," ","Texas","Sterilizer",26.181213,-98.239576,"Sterilizer"
"71"," ","Texas","Sterilizer",29.387803,-98.574771,"Sterilizer"
"72","Currently non-operational due to runway repairs at the airfield","Texas","Sterilizer",31.81357,-106.41224,"Sterilizer"
"73"," ","Texas","Incinerator",26.223716,-97.662365,"Incinerator"
"74","Yes","U.S. Virgin Islands","Incinerator",17.72553,-64.74145,"Incinerator"
"75","NO -  Inactive due to hurrivane having destroyrd incinerator","U.S. Virgin Islands","Incinerator",18.34899,-64.93042,"Incinerator"
"76","YES","U.S. Virgin Islands","Sterilizer",17.74672,-64.70418,"Sterilizer"
"77","YES","U.S. Virgin Islands","Incinerator",18.335755,-64.963668,"Incinerator"
"78","YES","U.S. Virgin Islands","Incinerator",18.335755,-64.963668,"Incinerator"
"79","NO - is due for a calibration to resume operational status","U.S. Virgin Islands","Sterilizer",17.74672,-64.70418,"Sterilizer"
"80","YES","U.S. Virgin Islands","Incinerator",18.34899,-64.93042,"Incinerator"
"81","YES","Utah","Sterilizer",40.71731,-111.950579,"Sterilizer"
"82","YES","Utah","Incinerator",40.843785,-111.940833,"Incinerator"
"83","YES","Vermont","Sterilizer",44.464078,-73.147787,"Sterilizer"
"84","YES","Virginia","Waste-to-Energy Incinerator",38.801083,-77.127671,"Incinerator"
"85","YES","Virginia","Autoclave (1) - Sterilizer",38.961876,-77.450533,"Sterilizer"
"86","YES","Washington","Sterilizer",47.456404,-122.299135,"Sterilizer"
"87","YES","Washington","Sterilizer",47.53201,-122.332298,"Sterilizer"
"88","YES","Washington","Incinerator",47.626228,-117.501865,"Incinerator"
"89","YES","Washington","Sterilizer",47.153747,-122.483518,"Sterilizer"
"90","YES","Wisconsin","Incinerator",44.260222,-88.511092,"Incinerator"
"91"," ","Wisconsin","Sterilizer",46.727761,-92.075962,"Sterilizer"
"92","YES","Wisconsin","Incinerator",42.75493,-87.817075,"Incinerator"
"93","YES","Wisconsin","Sterilizer",44.491737,-88.128095,"Sterilizer"
"94","YES, ADDED","California","Sterilizer",33.956307,-118.37235,"Sterilizer"
"95","Letter of relinquishment submitted","California","Autoclave ",37.601009,-122.370859,"Autoclave "
"96","YES","California","Sterilizer",36.772308,-119.727626,"Sterilizer"
"97","YES - New","California","Sterilizer",37.644964,-122.395927,"Sterilizer"
"98","YES","California","Sterilizer",33.931773,-118.406827,"Sterilizer"
"99","YES - Operational and processing RG","California","Sterilizer",37.58037,-122.35093,"Sterilizer"
"100","YES","California","Sterilizer",34.278909,-118.893408,"Sterilizer"
"101","YES","Colorado","Sterilizer",40.077644,-104.942228,"Sterilizer"
"102","YES","Colorado","Incinerator",39.639719,-106.90513,"Incinerator"
"103","YES","Connecticut","Incinerator",41.567321,-72.041452,"Incinerator"
"104","YES","Connecticut","Incinerator",41.926794,-72.683628,"Incinerator"
"105","YES","Connecticut","Incinerator",41.545299,-72.777544,"Incinerator"
"106","YES","Connecticut","Incinerator",41.475486,-72.064832,"Incinerator"
"107","YES","Florida","Incinerator",30.49155,-81.67641,"Incinerator"
"108","YES","Florida","Sterilizer",30.351035,-81.734216,"Sterilizer"
"109","YES","Florida","Energy Recovery Incinerator",27.95014,-82.422262,"Incinerator"
"110","YES","Florida","Sterilizer",27.96142,-82.532972,"Sterilizer"
"111","YES","Florida","Incinerator",28.640232,-81.516063,"Incinerator"
"112","Currently in back-up plan, damge from Hurricane Michael, expect to be back up in about 6 months","Florida","Sterilizer",30.15987,-85.66033,"Sterilizer"
"113","YES","Florida","Incinerator",26.627366,-81.763287,"Incinerator"
"114","YES","Florida","Sterilizer",28.011418,-81.877216,"Sterilizer"
"115","YES","Florida","Sterilizer",25.826238,-80.338148,"Sterilizer"
"116","YES","Florida","Incinerator",27.488227,-80.365965,"Incinerator"
"117","YES","Florida","Sterilizer",25.798259,-80.25324,"Sterilizer"
"118","YES","Florida","Energy Recovery Incinerator",27.873971,-82.673871,"Incinerator"
"119","YES","Florida","Incinerator",29.954374,-81.335511,"Incinerator"
"120","YES","Florida","Sterilizer/             Cooker",25.56303,-80.34139,"Sterilizer"
"121","YES","Florida","Incinerator",26.069651,-80.207341,"Incinerator"
"122","YES","Florida","Energy Recovery Incinerator",27.954682,-82.340224,"Incinerator"
"123","YES","Florida","Incinerator",28.741467,-81.889442,"Incinerator"
"124","YES","Georgia","Incinerator",32.041632,-81.192789,"Incinerator"
"125","YES","Georgia","Sterilizer (2)",34.123438,-84.509243,"Sterilizer"
"126","YES","Georgia","Incinerator",32.122883,-81.195676,"Incinerator"
"127","YES","Georgia","Sterilizer",33.640207,-84.394965,"Sterilizer"
"128","Yes","Georgia","Sterilizer",34.02344,-84.61666,"Sterilizer"
"129","YES","Georgia","Sterilizer",32.075854,-81.200467,"Sterilizer"
"130","YES","Georgia","Sterilizer",33.64099,-84.42265,"Sterilizer"
"131","YES","Guam","Sterilizer",13.500213,144.809145,"Sterilizer"
"132","Sterilizer is down since Aug, 2019. Using Gate Group as a backup","Hawaii","Sterilizer",21.314907,-157.9188,"Sterilizer"
"133","YES","Hawaii","2 Sterilizers",21.302361,-157.873223,"Sterilizer"
"134","YES","Hawaii","Sterilizer",21.304128,-157.876001,"Sterilizer"
"135","YES","Hawaii","Sterilizer",21.331128,-157.924477,"Sterilizer"
"136","YES","Hawaii","Sterilizer",21.32212,-157.883429,"Sterilizer"
"137","YES","Hawaii","Sterilizer",21.3165,-157.916441,"Sterilizer"
"138","YES","Hawaii","Sterilizer",21.97505,-159.36908,"Sterilizer"
"139","YES","Idaho","Smart Ash Incinerator Barrel",43.571291,-116.228539,"Incinerator"
"140","YES","Idaho","Sterilizer",43.28652,-115.955197,"Sterilizer"
"141","yes","Illinois","Incinerator",41.457196,-90.504287,"Incinerator"
"142","YES","Illinois","Caterer - Sterilizer",42.012716,-87.886395,"Sterilizer"
"143","YES","Illinois","Sterilizer",38.550488,-89.819357,"Sterilizer"
"144","yes","Illinois","Caterer - Sterilizer",41.956796,-87.886831,"Sterilizer"
"145","YES","Illinois","Sterilizer",42.008649,-87.917175,"Sterilizer"
"146","yes","Illinois","Caterer - Sterilizer",41.957081,-87.889212,"Sterilizer"
"147","YES","Illinois","Sterilizer",42.397284,-89.103311,"Sterilizer"
"148","yes","Illinois","Sterilizer/autoclave",41.868845,-88.243981,"Sterilizer"
"149","YES","Indiana","Incinerator",40.96954,-85.215032,"Incinerator"
"150","YES","Indiana","Incinerator",39.734332,-86.187118,"Incinerator"
"151","YES","Kansas","Incinerator",39.1128,-94.62681,"Incinerator"
"152","YES","Kentucky","Sterilizer",39.059502,-84.661507,"Sterilizer"
"153","YES","Kentucky","Sterilizer",37.387195,-86.866246,"Sterilizer"
"154","YES","Louisiana","Incinerator",32.389754,-93.736577,"Incinerator"
"155","YES","Louisiana","Sterilizer",30.028547,-89.924128,"Sterilizer"
"156","YES","Louisiana","Sterilizer",30.070908,-90.578492,"Sterilizer"
"157","YES","Louisiana","Incinerator",29.9844,-90.257457,"Incinerator"
"158","YES","Louisiana","Unpressurized Sterilizer, Landfill",32.777358,-91.909459,"Sterilizer"
"159","YES","Maine","Sterilizer",44.811075,-68.806533,"Sterilizer"
"160","YES","Maine","Sterilizer",46.124908,-67.790684,"Sterilizer"
"161","YES","Maine","Incinerator",43.654589,-70.333296,"Incinerator"
"162","YES","Maine","Sterilizer",46.691908,-68.04389,"Sterilizer"
"163","YES","Maryland","Waste-to Energy Incinerator",39.27044,-76.630768,"Incinerator"
"164","YES","Maryland","Sterilizer",39.202454,-76.556046,"Sterilizer"
"165","YES","Maryland","Autoclave (2) - Sterilizer",39.207486,-76.571968,"Sterilizer"
"166","YES","Massachusetts","Sterilizer",41.672081,-70.954708,"Sterilizer"
"167","YES","Michigan","Sterilizer /Autoclave",42.243393,-85.909617,"Sterilizer"
"168","YES","Michigan","Incinerator",42.677877,-85.352171,"Incinerator"
"169","YES","Minnesota","Incinerator",48.6026,-93.40365,"Incinerator"
"170","YES","Minnesota","Sterilizer",44.843862,-93.186473,"Sterilizer"
"171","YES","Minnesota","Incinerator",43.919099,-92.481073,"Incinerator"
"172","YES","Minnesota","Sterilizer",44.869237,-93.226976,"Sterilizer"
"173","YES","Mississippi","Incinerator",32.30513,-90.074537,"Incinerator"
"174","YES","Missouri","Sterilizer",38.68864,-90.214469,"Sterilizer"
"175","YES","Missouri","Incinerator",39.30895,-94.717307,"Incinerator"
"176","YES","Montana","Incinerator",46.602099,-111.996818,"Incinerator"
"177","YES","Montana","Sterilizer",47.485177,-111.354019,"Sterilizer"
"178","YES","Montana","Incinerator",45.956667,-112.507843,"Incinerator"
"179","YES","Montana","Incinerator",45.775835,-111.158483,"Incinerator"
"180","YES","Montana","Incinerator",48.303392,-114.249398,"Incinerator"
"181","YES","Nebraska","Sterilizer",40.873183,-96.638386,"Sterilizer"
"182","YES","Nevada","Sterilizer",39.531423,-119.795306,"Sterilizer"
"183","YES","Nevada","2 Sterilizers",36.086868,-115.147765,"Sterilizer"
"184","YES","Nevada","Incinerator",39.50589,-119.77597,"Incinerator"
"185","YES","Nevada","Sterilizer",36.144104,-115.14408,"Sterilizer"
"186","YES","New Jersey","Incinerator",40.734664,-74.126984,"Incinerator"
"187","YES","New Jersey","Incinerator",39.912596,-75.118136,"Incinerator"
"188","Yes","Alabama","Energy Recovery Incinerator",34.669624,-86.610439,"Incinerator"
"189","Yes","Alabama","Incinerator",33.558851,-86.74789,"Incinerator"
"190","YES","Alaska","Incinerator",58.359812,-134.58869,"Incinerator"
"191","YES","Alaska","Sterilizer",61.175672,-149.969342,"Sterilizer"
"192","YES","Alaska","2 Sterilizers",61.17536,-149.968143,"Sterilizer"
"193","YES","Alaska","Incinerator and steam sterilizer",61.488668,-149.690287,"Sterilizer"
"194","YES","Alaska","2 Incinerators",64.839761,-147.678255,"Incinerator"
"195","YES","Alaska","Incinerator",64.812408,-147.874183,"Incinerator"
"196"," ","Alaska","Incinerator",61.23724,-149.84214,"Incinerator"
"197","YES","Alaska","Incinerator",59.581505,-135.197293,"Incinerator"
"198"," ","Alaska","Incinerator",64.676853,-147.073233,"Incinerator"
"199","YES","Arizona","Sterilizer",33.287463,-111.959321,"Sterilizer"
"200","YES","Arizona","Incinerator",32.120953,-110.937548,"Incinerator"
"201","YES","Arizona","Incinerator",32.66856,-114.59825,"Incinerator"
"202","YES","Arizona","Sterilizer",33.415077,-112.021313,"Sterilizer"
"203","YES","Arkansas","Incinerator",33.206555,-92.629108,"Incinerator"
"204","YES","Arkansas","Sterilizer",34.898806,-92.135709,"Sterilizer"
"205","YES","Arkansas","Incinerator",34.72811,-92.22037,"Incinerator"
"206","YES, ADDED","California","Sterilizer",33.913104,-118.384652,"Sterilizer"
"207","YES, ADDED","California","Caterer Uses Incinerator Service",33.909153,-118.307456,"Incinerator"
"208","YES","California","Sterilizer",38.688072,-121.596144,"Sterilizer"
"209","YES","California","Sterilizer",32.712158,-117.049378,"Sterilizer"
"210","YES - Operational - NOT Processing RG - Sterilizer handles Oakland Facility RG","California","Sterilizer",38.511183,-122.788942,"Sterilizer"
"211","YES - Operational: Still processing RG","California","Sterilizer",37.61477,-122.39179,"Sterilizer"
"212","YES","California","Steam Cooker",33.708485,-117.868068,"Steam Cooker"
"213","YES","California","Steam Cooker",34.061017,-117.729306,"Steam Cooker"
"214","YES","California","Sterilizer",33.905971,-118.169697,"Sterilizer"
"215","Yes","California","Sterilizer",33.887024,-117.597183,"Sterilizer"
"216","YES - Still Receiving RG","California","Sterilizer",36.883621,-121.392049,"Sterilizer"
"217","YES","California","Sterilizer",34.00194,-118.186031,"Sterilizer"
"218","YES","California","Sterilizer",34.014437,-118.220478,"Sterilizer"
"219","YES - Still Receiving RG","California","Steam Cooker",37.65607,-122.4142,"Steam Cooker"
"220","YES","Colorado","Sterilizer",39.833107,-104.67192,"Sterilizer"
