"","LOCATION_ID","LOCATION_NAME","LOCATION_STATE_CODE","PATHWAY","COUNT"
"1",7410,"DAYTON, OH (4104)","OH","Airport - Aircraft - Person - CBP",2991
"2",7411,"DEL RIO, TX (2302)","TX","Airport - Aircraft - Person - CBP",2734
"3",7411,"DEL RIO, TX (2302)","TX","Land Border - Truck - Cargo - CBP SB",157150
"4",7411,"DEL RIO, TX (2302)","TX","Land Border - Truck - Conveyance - CBP SB",3528796
"5",7411,"DEL RIO, TX (2302)","TX","Pedestrian SB",690931
"6",7412,"DENVER, CO (3307)","CO","Airport - Aircraft - Cargo - CBP",113
"7",7412,"DENVER, CO (3307)","CO","Airport - Aircraft - Person - CBP",3365559
"8",7413,"DERBY LINE, VT (0209)","VT","Land Border - Truck - Cargo - CBP NB",171684
"9",7413,"DERBY LINE, VT (0209)","VT","Land Border - Truck - Conveyance - CBP NB",816701
"10",7413,"DERBY LINE, VT (0209)","VT","Pedestrian NB",67391
"11",7417,"DOUGLAS, AZ (2601)","AZ","Land Border - Truck - Cargo - CBP SB",38290
"12",7417,"DOUGLAS, AZ (2601)","AZ","Land Border - Truck - Conveyance - CBP SB",2400652
"13",7417,"DOUGLAS, AZ (2601)","AZ","Pedestrian SB",1075112
"14",7418,"Dover AFB","DE","Airport - Aircraft - Person - CBP",11413
"15",7419,"DULLES - WASHINGTON, DC (5401)","VA","Airport - Aircraft - Cargo - CBP",5420
"16",7419,"DULLES - WASHINGTON, DC (5401)","VA","Airport - Aircraft - Person - CBP",9146814
"17",7421,"DUNSEITH, ND (3422)","ND","Land Border - Truck - Cargo - CBP NB",58492
"18",7421,"DUNSEITH, ND (3422)","ND","Land Border - Truck - Conveyance - CBP NB",122138
"19",7421,"DUNSEITH, ND (3422)","ND","Pedestrian NB",2712
"20",7423,"Eagle Pass - Bridge I","TX","Land Border - Truck - Conveyance - CBP SB",2291315
"21",7423,"Eagle Pass - Bridge I","TX","Pedestrian SB",1407161
"22",7424,"Eagle Pass - Bridge II","TX","Airport - Aircraft - Person - CBP",269
"23",7424,"Eagle Pass - Bridge II","TX","Land Border - Truck - Cargo - CBP SB",460050
"24",7424,"Eagle Pass - Bridge II","TX","Land Border - Truck - Conveyance - CBP SB",3443234
"25",7424,"Eagle Pass - Bridge II","TX","Pedestrian SB",1224028
"26",7424,"Eagle Pass - Bridge II","TX","Rail_cargo",10
"27",7426,"EASTPORT, ID (3302)","ID","Land Border - Truck - Cargo - CBP NB",19547
"28",7426,"EASTPORT, ID (3302)","ID","Land Border - Truck - Conveyance - CBP NB",7438
"29",7426,"EASTPORT, ID (3302)","ID","Pedestrian NB",0
"30",7426,"EASTPORT, ID (3302)","ID","Rail_cargo",320
"31",7428,"El Paso - Bota","TX","Land Border - Truck - Cargo - CBP SB",34699
"32",7428,"El Paso - Bota","TX","Land Border - Truck - Conveyance - CBP SB",868252
"33",7428,"El Paso - Bota","TX","Pedestrian SB",420713
"34",7430,"EL PASO, TX (2402)","TX","Airport - Aircraft - Cargo - CBP",2
"35",7430,"EL PASO, TX (2402)","TX","Airport - Aircraft - Person - CBP",8727
"36",7430,"EL PASO, TX (2402)","TX","Express_courier",20240
"37",7438,"FT LAUDERDALE INTL AIRPT (5210)","FL","Airport - Aircraft - Cargo - CBP",141
"38",7438,"FT LAUDERDALE INTL AIRPT (5210)","FL","Airport - Aircraft - Person - CBP",5774794
"39",7439,"PORT EVERGLADES, FL (5203)","FL","Cruise_ship",5063289
"40",7439,"PORT EVERGLADES, FL (5203)","FL","Maritime Port - Vessel - Cargo - CBP",110167
"41",7439,"PORT EVERGLADES, FL (5203)","FL","RG_maritime",11520856
"42",7440,"FORT MYERS (1822)","FL","Airport - Aircraft - Person - CBP",82986
"43",7443,"GREEN BAY, WI (3703)","WI","Airport - Aircraft - Person - CBP",3479
"44",7443,"GREEN BAY, WI (3703)","WI","Cruise_ship",1378
"45",7443,"GREEN BAY, WI (3703)","WI","RG_maritime",45064
"46",7445,"Gulfport (1902)","MS","Airport - Aircraft - Person - CBP",2325
"47",7445,"Gulfport (1902)","MS","Cruise_ship",4260
"48",7445,"Gulfport (1902)","MS","Maritime Port - Vessel - Cargo - CBP",11788
"49",7445,"Gulfport (1902)","MS","RG_maritime",104890.65
"50",7446,"HARRISBURG, PA (1109)","PA","Airport - Aircraft - Person - CBP",1853
"51",7450,"HIGHGATE SPRINGS/ALBURG (0212)","VT","Airport - Aircraft - Person - CBP",2276
"52",7450,"HIGHGATE SPRINGS/ALBURG (0212)","VT","Land Border - Truck - Cargo - CBP NB",9258
"53",7450,"HIGHGATE SPRINGS/ALBURG (0212)","VT","Land Border - Truck - Conveyance - CBP NB",5
"54",7450,"HIGHGATE SPRINGS/ALBURG (0212)","VT","Pedestrian NB",0
"55",7450,"HIGHGATE SPRINGS/ALBURG (0212)","VT","Rail_cargo",148
"56",7451,"HILO, HI (3202)","HI","Airport - Aircraft - Person - CBP",11
"57",7451,"HILO, HI (3202)","HI","Cruise_ship",38726
"58",7454,"HONOLULU AIRPORT (3205)","HI","Airport - Aircraft - Cargo - CBP",1617
"59",7454,"HONOLULU AIRPORT (3205)","HI","Airport - Aircraft - Person - CBP",3638869
"60",7457,"HOUSTON GEO. BUSH INTERC (5309)","TX","Airport - Aircraft - Cargo - CBP",7987
"61",7457,"HOUSTON GEO. BUSH INTERC (5309)","TX","Airport - Aircraft - Person - CBP",11521247
"62",7459,"HOUSTON, TX (5301)","TX","Cruise_ship",240193
"63",7459,"HOUSTON, TX (5301)","TX","Maritime Port - Vessel - Cargo - CBP",39352
"64",7459,"HOUSTON, TX (5301)","TX","RG_maritime",5062590
"65",7461,"HUNTSVILLE, AL (1910)","AL","Airport - Aircraft - Cargo - CBP",161
"66",7461,"HUNTSVILLE, AL (1910)","AL","Airport - Aircraft - Person - CBP",1567
"67",7462,"INDIANAPOLIS, IN (4110)","IN","Airport - Aircraft - Person - CBP",39751
"68",7465,"JACKSONVILLE, FL (1803)","FL","Airport - Aircraft - Cargo - CBP",0
"69",7465,"JACKSONVILLE, FL (1803)","FL","Airport - Aircraft - Person - CBP",29379
"70",7465,"JACKSONVILLE, FL (1803)","FL","Cruise_ship",560000
"71",7465,"JACKSONVILLE, FL (1803)","FL","Maritime Port - Vessel - Cargo - CBP",6586
"72",7465,"JACKSONVILLE, FL (1803)","FL","RG_maritime",291192
"73",7466,"Halifax (7931)","DC","Airport - Aircraft - Person - Pre-Clearance",115352
"74",7467,"JOHN F KENNEDY AIRPORT (4701)","NY","Airport - Aircraft - Cargo - CBP",4918
"75",7467,"JOHN F KENNEDY AIRPORT (4701)","NY","Airport - Aircraft - Person - CBP",0
"76",7467,"JOHN F KENNEDY AIRPORT (4701)","NY","Express_courier",20239
"77",7467,"JOHN F KENNEDY AIRPORT (4701)","NY","Maritime Port - Vessel - Cargo - CBP",122
"78",7467,"JOHN F KENNEDY AIRPORT (4701)","NY","Maritime Port - Vessel - Mail - CBP",26343
"79",7468,"JFK Air Cargo","NY","Airport - Aircraft - Cargo - CBP",1022
"80",7468,"JFK Air Cargo","NY","Express_courier",0
"81",7468,"JFK Air Cargo","NY","Maritime Port - Vessel - Cargo - CBP",13
"82",7468,"JFK Air Cargo","NY","Maritime Port - Vessel - Mail - CBP",5920
"83",7470,"KAHULUI, HI (3203)","HI","Airport - Aircraft - Person - CBP",177
"84",7470,"KAHULUI, HI (3203)","HI","Cruise_ship",8082
"85",7471,"KONA HI (3206)","HI","Airport - Aircraft - Person - CBP",16311
"86",7471,"KONA HI (3206)","HI","Cruise_ship",27413
"87",7471,"KONA HI (3206)","HI","RG_maritime",36
"88",7472,"KANSAS CITY, MO (4501)","MO","Airport - Aircraft - Person - CBP",138481
"89",7475,"LAKE CHARLES, LA (2017)","LA","Cruise_ship",41603
"90",7475,"LAKE CHARLES, LA (2017)","LA","Maritime Port - Vessel - Cargo - CBP",1
"91",7475,"LAKE CHARLES, LA (2017)","LA","RG_maritime",133271
"92",7476,"Laredo - Bridge I","TX","Land Border - Truck - Conveyance - CBP SB",1
"93",7478,"LAREDO, TX (2304)","TX","Airport - Aircraft - Person - CBP",13220
"94",7478,"LAREDO, TX (2304)","TX","Land Border - Truck - Cargo - CBP SB",1622755
"95",7478,"LAREDO, TX (2304)","TX","Rail_cargo",67
"96",7479,"LAS VEGAS, NV (2722)","NV","Airport - Aircraft - Person - CBP",1865707
"97",7482,"LITTLE ROCK, AR (2003)","AR","Airport - Aircraft - Cargo - CBP",1
"98",7482,"LITTLE ROCK, AR (2003)","AR","Airport - Aircraft - Person - CBP",944
"99",7483,"LONG BEACH, CA (2709)","CA","Cruise_ship",89772
"100",7483,"LONG BEACH, CA (2709)","CA","Maritime Port - Vessel - Cargo - CBP",5146
"101",7483,"LONG BEACH, CA (2709)","CA","RG_maritime",5678458
"102",7486,"Los Angeles - Term Sat 7","CA","Airport - Aircraft - Person - CBP",1728275
"103",7487,"Los Angeles - TBIT","CA","Airport - Aircraft - Person - CBP",20273624
"104",7488,"LOS ANGELES INT AIRPORT (2720)","CA","Airport - Aircraft - Cargo - CBP",267393
"105",7488,"LOS ANGELES INT AIRPORT (2720)","CA","Express_courier",30711667
"106",7488,"LOS ANGELES INT AIRPORT (2720)","CA","Maritime Port - Vessel - Mail - CBP",113089887
"107",7492,"LYNDEN, WA (3023)","WA","Land Border - Truck - Cargo - CBP NB",98023
"108",7492,"LYNDEN, WA (3023)","WA","Land Border - Truck - Conveyance - CBP NB",1145584
"109",7492,"LYNDEN, WA (3023)","WA","Pedestrian NB",13686
"110",7494,"MAYAGUEZ, PR (4907)","PR","Cruise_ship",36
"111",7495,"MEMPHIS, TN (2006)","TN","Airport - Aircraft - Cargo - CBP",0
"112",7495,"MEMPHIS, TN (2006)","TN","Airport - Aircraft - Person - CBP",3610
"113",7495,"MEMPHIS, TN (2006)","TN","Express_courier",344051
"114",7495,"MEMPHIS, TN (2006)","TN","Maritime Port - Vessel - Cargo - CBP",10
"115",7496,"FEDEX COURIER, MEMPHIS TN (2095)","TN","Airport - Aircraft - Person - CBP",40585
"116",7496,"FEDEX COURIER, MEMPHIS TN (2095)","TN","Express_courier",93688289
"117",7498,"MIAMI INTERNATIONAL AIRPORT (5206)","FL","Airport - Aircraft - Cargo - CBP",133294
"118",7498,"MIAMI INTERNATIONAL AIRPORT (5206)","FL","Maritime Port - Vessel - Mail - CBP",12593055
"119",7500,"MIAMI, FL (5201)","FL","Cruise_ship",8158864
"120",7500,"MIAMI, FL (5201)","FL","Maritime Port - Vessel - Cargo - CBP",33755
"121",7500,"MIAMI, FL (5201)","FL","RG_maritime",22651369.773
"122",7502,"MILWAUKEE, WI (3701)","WI","Airport - Aircraft - Person - CBP",68935
"123",7502,"MILWAUKEE, WI (3701)","WI","Cruise_ship",1600
"124",7502,"MILWAUKEE, WI (3701)","WI","Express_courier",65777
"125",7502,"MILWAUKEE, WI (3701)","WI","RG_maritime",14147
"126",7503,"MINNEAPOLIS-ST. PAUL, MN (3501)","MN","Airport - Aircraft - Cargo - CBP",1597
"127",7503,"MINNEAPOLIS-ST. PAUL, MN (3501)","MN","Express_courier",0
"128",7505,"MOBILE, AL (1901)","AL","Airport - Aircraft - Person - CBP",1646
"129",7505,"MOBILE, AL (1901)","AL","Cruise_ship",131509
"130",7505,"MOBILE, AL (1901)","AL","Maritime Port - Vessel - Cargo - CBP",93
"131",7505,"MOBILE, AL (1901)","AL","RG_maritime",647979.077
"132",7506,"BIRMINGHAM, AL (1904)","AL","Airport - Aircraft - Cargo - CBP",21
"133",7506,"BIRMINGHAM, AL (1904)","AL","Airport - Aircraft - Person - CBP",3622
"134",7507,"BEAUFORT-MOREHEAD CTY,NC (1511)","NC","Airport - Aircraft - Person - CBP",2145
"135",7507,"BEAUFORT-MOREHEAD CTY,NC (1511)","NC","Cruise_ship",959
"136",7507,"BEAUFORT-MOREHEAD CTY,NC (1511)","NC","Maritime Port - Vessel - Cargo - CBP",15
"137",7507,"BEAUFORT-MOREHEAD CTY,NC (1511)","NC","RG_maritime",1582
"138",7509,"NACO, AZ (2603)","AZ","Land Border - Truck - Cargo - CBP SB",4988
"139",7509,"NACO, AZ (2603)","AZ","Land Border - Truck - Conveyance - CBP SB",557314
"140",7509,"NACO, AZ (2603)","AZ","Pedestrian SB",144533
"141",7510,"NASHVILLE, TN (2007)","TN","Airport - Aircraft - Cargo - CBP",14
"142",7510,"NASHVILLE, TN (2007)","TN","Airport - Aircraft - Person - CBP",231862
"143",7510,"NASHVILLE, TN (2007)","TN","Maritime Port - Vessel - Cargo - CBP",1
"144",7511,"Nassau (7423)","DC","Airport - Aircraft - Person - Pre-Clearance",2970643
"145",7514,"NEW ORLEANS, LA (2002)","LA","Airport - Aircraft - Person - CBP",261930
"146",7514,"NEW ORLEANS, LA (2002)","LA","Cruise_ship",1326596
"147",7514,"NEW ORLEANS, LA (2002)","LA","Maritime Port - Vessel - Cargo - CBP",2899
"148",7514,"NEW ORLEANS, LA (2002)","LA","RG_maritime",2197188.93
"149",7518,"Nogales - Mariposa","AZ","Land Border - Truck - Conveyance - CBP SB",3159071
"150",7518,"Nogales - Mariposa","AZ","Pedestrian SB",1555216
"151",7519,"Nogales - Grand Ave.","AZ","Airport - Aircraft - Person - CBP",3862
"152",7519,"Nogales - Grand Ave.","AZ","Land Border - Truck - Cargo - CBP SB",795232
"153",7519,"Nogales - Grand Ave.","AZ","Land Border - Truck - Conveyance - CBP SB",4303373
"154",7519,"Nogales - Grand Ave.","AZ","Pedestrian SB",5188394
"155",7520,"NORFOLK-NEWPORT NEWS, VA (1401)","VA","Airport - Aircraft - Person - CBP",28598
"156",7520,"NORFOLK-NEWPORT NEWS, VA (1401)","VA","Cruise_ship",340795
"157",7520,"NORFOLK-NEWPORT NEWS, VA (1401)","VA","Maritime Port - Vessel - Cargo - CBP",9453
"158",7520,"NORFOLK-NEWPORT NEWS, VA (1401)","VA","RG_maritime",654627.15
"159",7521,"OAKLAND, CA (2811)","CA","Airport - Aircraft - Person - CBP",618955
"160",7522,"OKLAHOMA CITY, OK (5504)","OK","Airport - Aircraft - Person - CBP",2050
"161",7522,"OKLAHOMA CITY, OK (5504)","OK","Express_courier",0
"162",7523,"ORLANDO, FL (1808)","FL","Airport - Aircraft - Cargo - CBP",1176
"163",7523,"ORLANDO, FL (1808)","FL","Airport - Aircraft - Person - CBP",19052
"164",7526,"OROVILLE, WA (3019)","WA","Airport - Aircraft - Person - CBP",669
"165",7526,"OROVILLE, WA (3019)","WA","Land Border - Truck - Cargo - CBP NB",122849
"166",7526,"OROVILLE, WA (3019)","WA","Land Border - Truck - Conveyance - CBP NB",485193
"167",7526,"OROVILLE, WA (3019)","WA","Pedestrian NB",5638
"168",7527,"PORT MANATEE, FL (1821)","FL","Cruise_ship",3953
"169",7527,"PORT MANATEE, FL (1821)","FL","Maritime Port - Vessel - Cargo - CBP",10289
"170",7527,"PORT MANATEE, FL (1821)","FL","RG_maritime",99785
"171",7528,"PASCAGOULA, MS (1903)","MS","Cruise_ship",18524
"172",7528,"PASCAGOULA, MS (1903)","MS","RG_maritime",64137
"173",7530,"PEMBINA, ND (3401)","ND","Airport - Aircraft - Person - CBP",8157
"174",7530,"PEMBINA, ND (3401)","ND","Land Border - Truck - Cargo - CBP NB",521730
"175",7530,"PEMBINA, ND (3401)","ND","Land Border - Truck - Conveyance - CBP NB",444673
"176",7530,"PEMBINA, ND (3401)","ND","Pedestrian NB",19605
"177",7530,"PEMBINA, ND (3401)","ND","Rail_cargo",259
"178",7531,"PANAMA CITY, FL (1818)","FL","Airport - Aircraft - Person - CBP",36
"179",7531,"PANAMA CITY, FL (1818)","FL","Cruise_ship",7876
"180",7531,"PANAMA CITY, FL (1818)","FL","Maritime Port - Vessel - Cargo - CBP",950
"181",7531,"PANAMA CITY, FL (1818)","FL","RG_maritime",6058
"182",7532,"Pharr","TX","Land Border - Truck - Cargo - CBP SB",1773133
"183",7532,"Pharr","TX","Land Border - Truck - Conveyance - CBP SB",550695
"184",7534,"ALCAN, AK (3104)","AK","Airport - Aircraft - Person - CBP",0
"185",7534,"ALCAN, AK (3104)","AK","Land Border - Truck - Cargo - CBP NB",0
"186",7534,"ALCAN, AK (3104)","AK","Land Border - Truck - Conveyance - CBP NB",992
"187",7534,"ALCAN, AK (3104)","AK","Pedestrian NB",0
"188",7535,"PHOENIX, AZ (2605)","AZ","Airport - Aircraft - Person - CBP",2005141
"189",7537,"PITTSBURGH, PA (1104)","PA","Airport - Aircraft - Cargo - CBP",25
"190",7537,"PITTSBURGH, PA (1104)","PA","Airport - Aircraft - Person - CBP",38819
"191",7538,"PONCE, PR (4908)","PR","Airport - Aircraft - Person - CBP",75
"192",7538,"PONCE, PR (4908)","PR","Cruise_ship",17779
"193",7538,"PONCE, PR (4908)","PR","RG_maritime",20114
"194",7540,"PORT HUENEME, CA (2713)","CA","Cruise_ship",26291
"195",7540,"PORT HUENEME, CA (2713)","CA","Maritime Port - Vessel - Cargo - CBP",17086
"196",7540,"PORT HUENEME, CA (2713)","CA","RG_maritime",3019252.09
"197",7541,"PORTAL, ND (3403)","ND","Airport - Aircraft - Person - CBP",5298
"198",7541,"PORTAL, ND (3403)","ND","Land Border - Truck - Cargo - CBP NB",200592
"199",7541,"PORTAL, ND (3403)","ND","Land Border - Truck - Conveyance - CBP NB",148920
"200",7541,"PORTAL, ND (3403)","ND","Pedestrian NB",8078
"201",7541,"PORTAL, ND (3403)","ND","Rail_cargo",590
"202",7542,"PORTLAND, OR (2904)","OR","Airport - Aircraft - Cargo - CBP",75
"203",7542,"PORTLAND, OR (2904)","OR","Airport - Aircraft - Person - CBP",586038
"204",7542,"PORTLAND, OR (2904)","OR","Cruise_ship",25954
"205",7542,"PORTLAND, OR (2904)","OR","Maritime Port - Vessel - Cargo - CBP",180
"206",7542,"PORTLAND, OR (2904)","OR","RG_maritime",668573
"207",7547,"PROGRESO, TX (2309)","TX","Airport - Aircraft - Person - CBP",29718
"208",7547,"PROGRESO, TX (2309)","TX","Land Border - Truck - Cargo - CBP SB",20456
"209",7547,"PROGRESO, TX (2309)","TX","Land Border - Truck - Conveyance - CBP SB",1200035
"210",7547,"PROGRESO, TX (2309)","TX","Pedestrian SB",2357853
"211",7548,"PORT CANAVERAL, FL (1816)","FL","Airport - Aircraft - Cargo - CBP",0
"212",7548,"PORT CANAVERAL, FL (1816)","FL","Airport - Aircraft - Person - CBP",201611
"213",7548,"PORT CANAVERAL, FL (1816)","FL","Cruise_ship",10625504
"214",7548,"PORT CANAVERAL, FL (1816)","FL","Express_courier",0
"215",7548,"PORT CANAVERAL, FL (1816)","FL","Maritime Port - Vessel - Cargo - CBP",395
"216",7548,"PORT CANAVERAL, FL (1816)","FL","RG_maritime",16290890.95
"217",7549,"DURHAM, NC (1503)","NC","Airport - Aircraft - Cargo - CBP",151
"218",7549,"DURHAM, NC (1503)","NC","Airport - Aircraft - Person - CBP",357718
"219",7550,"RENO, NV (2833)","NV","Airport - Aircraft - Person - CBP",78099
"220",7551,"RIO GRANDE CITY, TX (2307)","TX","Land Border - Truck - Cargo - CBP SB",5504
"221",7551,"RIO GRANDE CITY, TX (2307)","TX","Land Border - Truck - Conveyance - CBP SB",1021115
"222",7551,"RIO GRANDE CITY, TX (2307)","TX","Pedestrian SB",123314
"223",7552,"ROMA, TX (2310)","TX","Land Border - Truck - Cargo - CBP SB",16150
"224",7552,"ROMA, TX (2310)","TX","Land Border - Truck - Conveyance - CBP SB",1878201
"225",7552,"ROMA, TX (2310)","TX","Pedestrian SB",399078
"226",7553,"ROOSVILLE, MT (3318)","MT","Land Border - Truck - Cargo - CBP NB",24541
"227",7553,"ROOSVILLE, MT (3318)","MT","Land Border - Truck - Conveyance - CBP NB",242008
"228",7553,"ROOSVILLE, MT (3318)","MT","Pedestrian NB",2545
"229",7557,"SALT LAKE CITY, UT (3303)","UT","Airport - Aircraft - Cargo - CBP",2
"230",7557,"SALT LAKE CITY, UT (3303)","UT","Airport - Aircraft - Person - CBP",998678
"231",7558,"SAN ANTONIO, TX (5507)","TX","Airport - Aircraft - Person - CBP",773887
"232",7561,"OTAY MESA (2506)","CA","Land Border - Truck - Cargo - CBP SB",2211070
"233",7561,"OTAY MESA (2506)","CA","Land Border - Truck - Conveyance - CBP SB",11745034
"234",7561,"OTAY MESA (2506)","CA","Pedestrian SB",7015568
"235",7562,"SAN YSIDRO (2504)","CA","Land Border - Truck - Conveyance - CBP SB",30717902
"236",7562,"SAN YSIDRO (2504)","CA","Pedestrian SB",14991739
"237",7563,"TECATE, CA (2505)","CA","Land Border - Truck - Cargo - CBP SB",53097
"238",7563,"TECATE, CA (2505)","CA","Land Border - Truck - Conveyance - CBP SB",2070461
"239",7563,"TECATE, CA (2505)","CA","Pedestrian SB",1798814
"240",7564,"SAN DIEGO, CA (2501)","CA","Airport - Aircraft - Cargo - CBP",133
"241",7564,"SAN DIEGO, CA (2501)","CA","Airport - Aircraft - Person - CBP",654956
"242",7564,"SAN DIEGO, CA (2501)","CA","Cruise_ship",456696
"243",7564,"SAN DIEGO, CA (2501)","CA","Maritime Port - Vessel - Cargo - CBP",30401
"244",7564,"SAN DIEGO, CA (2501)","CA","RG_maritime",171148
"245",7568,"SAN FRANCISCO INTL AIRPORT (2801)","CA","Airport - Aircraft - Cargo - CBP",6635
"246",7568,"SAN FRANCISCO INTL AIRPORT (2801)","CA","Airport - Aircraft - Person - CBP",13180618
"247",7571,"SAN JOSE INTL AIRPORT (2834)","CA","Airport - Aircraft - Person - CBP",778856
"248",7572,"SAN JUAN INTL AIRPORT (4913)","PR","Airport - Aircraft - Cargo - CBP",797
"249",7572,"SAN JUAN INTL AIRPORT (4913)","PR","Airport - Aircraft - Person - CBP",201369
"250",7572,"SAN JUAN INTL AIRPORT (4913)","PR","Express_courier",2205977
"251",7574,"SAN JUAN, PR (4909)","PR","Airport - Aircraft - Person - CBP",11306
"252",7574,"SAN JUAN, PR (4909)","PR","Cruise_ship",3952550
"253",7574,"SAN JUAN, PR (4909)","PR","Land Border - Truck - Conveyance - CBP",9496
"254",7574,"SAN JUAN, PR (4909)","PR","Maritime Port - Vessel - Cargo - CBP",2009
"255",7574,"SAN JUAN, PR (4909)","PR","RG_maritime",1747239.9
"256",7576,"SAN LUIS, AZ (2608)","AZ","Airport - Aircraft - Person - CBP",2774
"257",7576,"SAN LUIS, AZ (2608)","AZ","Land Border - Truck - Cargo - CBP SB",112449
"258",7576,"SAN LUIS, AZ (2608)","AZ","Land Border - Truck - Conveyance - CBP SB",6034227
"259",7576,"SAN LUIS, AZ (2608)","AZ","Pedestrian SB",4215683
"260",7578,"SANTA TERESA NM (2408)","NM","Airport - Aircraft - Person - CBP",2414
"261",7578,"SANTA TERESA NM (2408)","NM","Land Border - Truck - Cargo - CBP SB",6649
"262",7578,"SANTA TERESA NM (2408)","NM","Land Border - Truck - Conveyance - CBP SB",1432901
"263",7578,"SANTA TERESA NM (2408)","NM","Pedestrian SB",292260
"264",7579,"SAVANNAH, GA (1703)","GA","Airport - Aircraft - Person - CBP",6638
"265",7579,"SAVANNAH, GA (1703)","GA","Airport - Aircraft - Person - Pre-Clearance",0
"266",7579,"SAVANNAH, GA (1703)","GA","Cruise_ship",29638
"267",7579,"SAVANNAH, GA (1703)","GA","Maritime Port - Vessel - Cargo - CBP",27052
"268",7579,"SAVANNAH, GA (1703)","GA","RG_maritime",217047
"269",7580,"SEATTLE-TACOMA INTL ARPT (3029)","WA","Airport - Aircraft - Cargo - CBP",4850
"270",7580,"SEATTLE-TACOMA INTL ARPT (3029)","WA","Airport - Aircraft - Person - CBP",5712050
"271",7582,"SEATTLE, WA (3001)","WA","Cruise_ship",58217
"272",7582,"SEATTLE, WA (3001)","WA","Maritime Port - Vessel - Cargo - CBP",7168
"273",7582,"SEATTLE, WA (3001)","WA","RG_maritime",100269
"274",7584,"CHRISTIANSTED, VI (5104)","VI","Airport - Aircraft - Cargo - CBP",0
"275",7584,"CHRISTIANSTED, VI (5104)","VI","Airport - Aircraft - Person - CBP",5104
"276",7584,"CHRISTIANSTED, VI (5104)","VI","Cruise_ship",137271
"277",7584,"CHRISTIANSTED, VI (5104)","VI","Maritime Port - Vessel - Cargo - CBP",4
"278",7584,"CHRISTIANSTED, VI (5104)","VI","RG_maritime",26775.6
"279",7587,"ST LOUIS, MO (4503)","MO","Airport - Aircraft - Cargo - CBP",33
"280",7587,"ST LOUIS, MO (4503)","MO","Airport - Aircraft - Person - CBP",409748
"281",7587,"ST LOUIS, MO (4503)","MO","Express_courier",5060
"282",7588,"CHARLOTTE AMALIE, VI (5101)","VI","Airport - Aircraft - Cargo - CBP",151
"283",7588,"CHARLOTTE AMALIE, VI (5101)","VI","Airport - Aircraft - Person - CBP",34915
"284",7588,"CHARLOTTE AMALIE, VI (5101)","VI","Cruise_ship",11382217
"285",7588,"CHARLOTTE AMALIE, VI (5101)","VI","Maritime Port - Vessel - Cargo - CBP",213
"286",7588,"CHARLOTTE AMALIE, VI (5101)","VI","RG_maritime",26533.33
"287",7589,"STOCKTON, CA (2810)","CA","Cruise_ship",5535
"288",7589,"STOCKTON, CA (2810)","CA","Maritime Port - Vessel - Cargo - CBP",4
"289",7590,"SUMAS, WA (3009)","WA","Land Border - Truck - Cargo - CBP NB",319888
"290",7590,"SUMAS, WA (3009)","WA","Land Border - Truck - Conveyance - CBP NB",1139693
"291",7590,"SUMAS, WA (3009)","WA","Pedestrian NB",49923
"292",7591,"SWEETGRASS, MT (3310)","MT","Land Border - Truck - Cargo - CBP NB",347944
"293",7591,"SWEETGRASS, MT (3310)","MT","Land Border - Truck - Conveyance - CBP NB",309527
"294",7591,"SWEETGRASS, MT (3310)","MT","Pedestrian NB",12464
"295",7591,"SWEETGRASS, MT (3310)","MT","Rail_cargo",629
"296",7592,"TACOMA, WA (3002)","WA","Airport - Aircraft - Person - CBP",2496
"297",7592,"TACOMA, WA (3002)","WA","Cruise_ship",30294
"298",7592,"TACOMA, WA (3002)","WA","Maritime Port - Vessel - Cargo - CBP",1931
"299",7592,"TACOMA, WA (3002)","WA","RG_maritime",1968
"300",7593,"TAMPA, FL (1801)","FL","Airport - Aircraft - Cargo - CBP",14
"301",7593,"TAMPA, FL (1801)","FL","Airport - Aircraft - Person - CBP",674753
"302",7593,"TAMPA, FL (1801)","FL","Express_courier",15179
"303",7593,"TAMPA, FL (1801)","FL","Maritime Port - Vessel - Cargo - CBP",2926
"304",7593,"TAMPA, FL (1801)","FL","RG_maritime",1598300
"305",7597,"DAYTONA BEACH INTL AIRPORT (1884)","FL","Airport - Aircraft - Person - CBP",3094
"306",7598,"KETCHIKAN, AK (3102)","AK","Airport - Aircraft - Person - CBP",1001
"307",7598,"KETCHIKAN, AK (3102)","AK","Cruise_ship",38863
"308",7598,"KETCHIKAN, AK (3102)","AK","RG_maritime",250
"309",7600,"WARROAD, MN (3423)","MN","Land Border - Truck - Cargo - CBP NB",12186
"310",7600,"WARROAD, MN (3423)","MN","Land Border - Truck - Conveyance - CBP NB",183912
"311",7600,"WARROAD, MN (3423)","MN","Pedestrian NB",4878
"312",7632,"BUFFALO-NIAGARA FALLS (0901)","NY","Land Border - Truck - Cargo - CBP NB",1458
"313",7632,"BUFFALO-NIAGARA FALLS (0901)","NY","Rail_cargo",7
"314",7633,"NEW YORK/NEWARK AREA (4601)","NJ","Airport - Aircraft - Person - CBP",8774
"315",7651,"AGUADILLA, PR (4901)","PR","Airport - Aircraft - Cargo - CBP",297
"316",7651,"AGUADILLA, PR (4901)","PR","Airport - Aircraft - Person - CBP",14927
"317",7651,"AGUADILLA, PR (4901)","PR","Cruise_ship",296
"318",7651,"AGUADILLA, PR (4901)","PR","Express_courier",2236334
"319",7667,"PROVIDENCE, RI (0502)","RI","Airport - Aircraft - Person - CBP",6433
"320",7667,"PROVIDENCE, RI (0502)","RI","Cruise_ship",24185
"321",7667,"PROVIDENCE, RI (0502)","RI","Maritime Port - Vessel - Cargo - CBP",37
"322",7667,"PROVIDENCE, RI (0502)","RI","RG_maritime",731000
"323",7668,"WILMINGTON, DE (1103)","DE","Airport - Aircraft - Person - CBP",3041
"324",7668,"WILMINGTON, DE (1103)","DE","Cruise_ship",16426
"325",7668,"WILMINGTON, DE (1103)","DE","Maritime Port - Vessel - Cargo - CBP",26439
"326",7668,"WILMINGTON, DE (1103)","DE","RG_maritime",150424
"327",7669,"WILMINGTON, NC (1501)","NC","Airport - Aircraft - Person - CBP",15992
"328",7669,"WILMINGTON, NC (1501)","NC","Cruise_ship",8740
"329",7669,"WILMINGTON, NC (1501)","NC","Maritime Port - Vessel - Cargo - CBP",2793
"330",7669,"WILMINGTON, NC (1501)","NC","RG_maritime",36327
"331",7672,"ALEXANDRIA BAY, NY (0708)","NY","Airport - Aircraft - Person - CBP",4403
"332",7672,"ALEXANDRIA BAY, NY (0708)","NY","Land Border - Truck - Cargo - CBP NB",380031
"333",7672,"ALEXANDRIA BAY, NY (0708)","NY","Land Border - Truck - Conveyance - CBP NB",1091504
"334",7672,"ALEXANDRIA BAY, NY (0708)","NY","Pedestrian NB",36151
"335",7676,"Vancouver (7922)","DC","Airport - Aircraft - Person - Pre-Clearance",6493010
"336",7677,"Montreal (7925)","DC","Airport - Aircraft - Person - Pre-Clearance",3783541
"337",7683,"PRESIDIO, TX (2403)","TX","Land Border - Truck - Cargo - CBP SB",1661
"338",7683,"PRESIDIO, TX (2403)","TX","Land Border - Truck - Conveyance - CBP SB",20
"339",7683,"PRESIDIO, TX (2403)","TX","Pedestrian SB",1903
"340",7685,"Buffalo - Rainbow Bridge","NY","Land Border - Truck - Conveyance - CBP NB",2628663
"341",7685,"Buffalo - Rainbow Bridge","NY","Pedestrian NB",439083
"342",7685,"Buffalo - Rainbow Bridge","NY","Rail_passengers",713
"343",7686,"Buffalo - Lewiston Bridge","NY","Airport - Aircraft - Person - CBP",1091
"344",7686,"Buffalo - Lewiston Bridge","NY","Land Border - Truck - Cargo - CBP NB",815651
"345",7686,"Buffalo - Lewiston Bridge","NY","Land Border - Truck - Conveyance - CBP NB",2226372
"346",7686,"Buffalo - Lewiston Bridge","NY","Pedestrian NB",93978
"347",7688,"Buffalo - Peace Bridge","NY","Airport - Aircraft - Cargo - CBP",8
"348",7688,"Buffalo - Peace Bridge","NY","Airport - Aircraft - Person - CBP",13365
"349",7688,"Buffalo - Peace Bridge","NY","Cruise_ship",1256
"350",7688,"Buffalo - Peace Bridge","NY","Land Border - Truck - Cargo - CBP NB",1094449
"351",7688,"Buffalo - Peace Bridge","NY","Land Border - Truck - Conveyance - CBP NB",3502107
"352",7688,"Buffalo - Peace Bridge","NY","Pedestrian NB",149915
"353",7688,"Buffalo - Peace Bridge","NY","Rail_cargo",964
"354",7689,"FERNANDINA BEACH, FL (1805)","FL","Cruise_ship",1648
"355",7694,"PENSACOLA, FL (1819)","FL","Airport - Aircraft - Person - CBP",2965
"356",7694,"PENSACOLA, FL (1819)","FL","Cruise_ship",1184
"357",7697,"KEY WEST, FL (5202)","FL","Airport - Aircraft - Person - CBP",3386
"358",7697,"KEY WEST, FL (5202)","FL","Cruise_ship",46372
"359",7697,"KEY WEST, FL (5202)","FL","RG_maritime",35413
"360",7698,"SKAGWAY, AK (3103)","AK","Cruise_ship",85199
"361",7698,"SKAGWAY, AK (3103)","AK","Land Border - Truck - Cargo - CBP NB",5227
"362",7698,"SKAGWAY, AK (3103)","AK","Land Border - Truck - Conveyance - CBP NB",170799
"363",7698,"SKAGWAY, AK (3103)","AK","Maritime Port - Vessel - Cargo - CBP",2
"364",7698,"SKAGWAY, AK (3103)","AK","Pedestrian NB",430888
"365",7698,"SKAGWAY, AK (3103)","AK","Rail_passengers",21945
"366",7699,"CHAMPLAIN-ROUSES POINT (0712)","NY","Cruise_ship",82
"367",7699,"CHAMPLAIN-ROUSES POINT (0712)","NY","Land Border - Truck - Cargo - CBP NB",49805
"368",7699,"CHAMPLAIN-ROUSES POINT (0712)","NY","Rail_cargo",71
"369",7700,"JUNEAU, AK (3101)","AK","Airport - Aircraft - Person - CBP",464
"370",7700,"JUNEAU, AK (3101)","AK","Cruise_ship",652020
"371",7700,"JUNEAU, AK (3101)","AK","RG_maritime",245984
"372",7701,"CALEXICO-EAST (2507)","CA","Land Border - Truck - Cargo - CBP SB",123791
"373",7701,"CALEXICO-EAST (2507)","CA","Land Border - Truck - Conveyance - CBP SB",5829379
"374",7701,"CALEXICO-EAST (2507)","CA","Pedestrian SB",1140506
"375",7701,"CALEXICO-EAST (2507)","CA","Rail_cargo",3
"376",7703,"GALVESTON, TX (5310)","TX","Cruise_ship",3717639
"377",7703,"GALVESTON, TX (5310)","TX","Maritime Port - Vessel - Cargo - CBP",499
"378",7703,"GALVESTON, TX (5310)","TX","RG_maritime",2721384
"379",7707,"TULSA, OK (5505)","OK","Airport - Aircraft - Person - CBP",2073
"380",7707,"TULSA, OK (5505)","OK","Express_courier",25299
"381",7709,"Anzalduas","TX","Land Border - Truck - Conveyance - CBP SB",1988911
"382",7711,"GREENVILLE-SPARTANBRG SC (1603)","SC","Airport - Aircraft - Person - CBP",8927
"383",7712,"ANDRADE, CA (2502)","CA","Land Border - Truck - Conveyance - CBP SB",1622640
"384",7712,"ANDRADE, CA (2502)","CA","Pedestrian SB",1469540
"385",7713,"Laredo - Colombia","TX","Land Border - Truck - Cargo - CBP SB",1546680
"386",7713,"Laredo - Colombia","TX","Land Border - Truck - Conveyance - CBP SB",774091
"387",7713,"Laredo - Colombia","TX","Pedestrian SB",39199
"388",7714,"DULUTH, MN (3510)","MN","Airport - Aircraft - Person - CBP",3732
"389",7714,"DULUTH, MN (3510)","MN","Cruise_ship",25324
"390",7714,"DULUTH, MN (3510)","MN","Maritime Port - Vessel - Cargo - CBP",2
"391",7714,"DULUTH, MN (3510)","MN","RG_maritime",40769
"392",7715,"ALBANY, NY (1002)","NY","Airport - Aircraft - Person - CBP",343
"393",7715,"ALBANY, NY (1002)","NY","Cruise_ship",212
"394",7716,"ASHTABULA/CONNEAUT (4122)","OH","Cruise_ship",3295
"395",7717,"DHL COURIER CINCINNATI (4197)","OH","Airport - Aircraft - Person - CBP",37011
"396",7717,"DHL COURIER CINCINNATI (4197)","OH","Express_courier",31197387
"397",7721,"TORNILLO, TX (2404)","TX","Land Border - Truck - Cargo - CBP SB",20320
"398",7721,"TORNILLO, TX (2404)","TX","Land Border - Truck - Conveyance - CBP SB",1096516
"399",7721,"TORNILLO, TX (2404)","TX","Pedestrian SB",92803
"400",7722,"El Paso - Del Norte","TX","Land Border - Truck - Conveyance - CBP SB",686311
"401",7722,"El Paso - Del Norte","TX","Pedestrian SB",1010419
"402",7731,"WILKES-BARRE/SCRANTON, PA (1106)","PA","Airport - Aircraft - Person - CBP",356
"403",7732,"ALLENTOWN, PA (1119)","PA","Airport - Aircraft - Person - CBP",876
"404",7733,"ATLANTIC CITY AIRPORT (1182)","PA","Airport - Aircraft - Person - CBP",4702
"405",7735,"PORT ARTHUR, TX (2101)","TX","Airport - Aircraft - Person - CBP",167
"406",7735,"PORT ARTHUR, TX (2101)","TX","Cruise_ship",124549
"407",7735,"PORT ARTHUR, TX (2101)","TX","RG_maritime",1489912
"408",7738,"TUCSON, AZ (2609)","AZ","Airport - Aircraft - Cargo - CBP",1614
"409",7738,"TUCSON, AZ (2609)","AZ","Airport - Aircraft - Person - CBP",25794
"410",7738,"TUCSON, AZ (2609)","AZ","Express_courier",86015
"411",7740,"DETROIT METROPLTN AIRPRT (3807)","MI","Airport - Aircraft - Cargo - CBP",643
"412",7740,"DETROIT METROPLTN AIRPRT (3807)","MI","Airport - Aircraft - Person - CBP",2985707
"413",7741,"PORT HURON, MI (3802)","MI","Airport - Aircraft - Person - CBP",2759
"414",7741,"PORT HURON, MI (3802)","MI","Cruise_ship",32
"415",7741,"PORT HURON, MI (3802)","MI","Express_courier",0
"416",7741,"PORT HURON, MI (3802)","MI","Land Border - Truck - Cargo - CBP NB",1696053
"417",7741,"PORT HURON, MI (3802)","MI","Land Border - Truck - Conveyance - CBP NB",2031582
"418",7741,"PORT HURON, MI (3802)","MI","Pedestrian NB",25446
"419",7741,"PORT HURON, MI (3802)","MI","Rail_cargo",5653
"420",7743,"SAULT STE. MARIE, MI (3803)","MI","Airport - Aircraft - Person - CBP",1211
"421",7743,"SAULT STE. MARIE, MI (3803)","MI","Cruise_ship",74132
"422",7743,"SAULT STE. MARIE, MI (3803)","MI","Land Border - Truck - Cargo - CBP NB",39113
"423",7743,"SAULT STE. MARIE, MI (3803)","MI","Land Border - Truck - Conveyance - CBP NB",980060
"424",7743,"SAULT STE. MARIE, MI (3803)","MI","Pedestrian NB",32462
"425",7744,"DETROIT, MI (3801)","MI","Airport - Aircraft - Person - CBP",1020
"426",7744,"DETROIT, MI (3801)","MI","Cruise_ship",28328
"427",7744,"DETROIT, MI (3801)","MI","Express_courier",283336
"428",7744,"DETROIT, MI (3801)","MI","Land Border - Truck - Cargo - CBP NB",3035963
"429",7744,"DETROIT, MI (3801)","MI","Land Border - Truck - Conveyance - CBP NB",7343270
"430",7744,"DETROIT, MI (3801)","MI","Pedestrian NB",126501
"431",7744,"DETROIT, MI (3801)","MI","Rail_cargo",543
"432",7745,"ONTARIO INTL AIRPORT (2721)","CA","Airport - Aircraft - Person - CBP",448944
"433",7760,"FAJARDO, PR (4904)","PR","Airport - Aircraft - Person - CBP",345
"434",7760,"FAJARDO, PR (4904)","PR","Cruise_ship",1147
"435",7760,"FAJARDO, PR (4904)","PR","RG_maritime",80
"436",7761,"INTERNATIONAL FALLS, MN (3604)","MN","Airport - Aircraft - Person - CBP",510
"437",7761,"INTERNATIONAL FALLS, MN (3604)","MN","Land Border - Truck - Cargo - CBP NB",33262
"438",7761,"INTERNATIONAL FALLS, MN (3604)","MN","Land Border - Truck - Conveyance - CBP NB",498400
"439",7761,"INTERNATIONAL FALLS, MN (3604)","MN","Pedestrian NB",14201
"440",7761,"INTERNATIONAL FALLS, MN (3604)","MN","Rail_cargo",1027
"441",7762,"LUKEVILLE, AZ (2602)","AZ","Land Border - Truck - Cargo - CBP SB",30
"442",7800,"ALBUQUERQUE, NM (2407)","NM","Airport - Aircraft - Cargo - CBP",53
"443",7800,"ALBUQUERQUE, NM (2407)","NM","Airport - Aircraft - Person - CBP",819
"444",7800,"ALBUQUERQUE, NM (2407)","NM","Express_courier",5060
"445",7801,"ANCHORAGE, AK (3126)","AK","Airport - Aircraft - Person - CBP",47034
"446",7801,"ANCHORAGE, AK (3126)","AK","Cruise_ship",59737
"447",7802,"Aruba (7424)","DC","Airport - Aircraft - Person - Pre-Clearance",2145193
"448",7803,"ATLANTA, GA (1704)","GA","Airport - Aircraft - Cargo - CBP",15563
"449",7803,"ATLANTA, GA (1704)","GA","Airport - Aircraft - Person - CBP",12747645
"450",7805,"AUSTIN, TX (5506)","TX","Airport - Aircraft - Cargo - CBP",41
"451",7805,"AUSTIN, TX (5506)","TX","Airport - Aircraft - Person - CBP",1027778
"452",7805,"AUSTIN, TX (5506)","TX","Express_courier",40477
"453",7806,"BWI AIRPORT (1305)","MD","Airport - Aircraft - Person - CBP",1346199
"454",7807,"MORGAN CITY, LA (2001)","LA","Airport - Aircraft - Person - CBP",455
"455",7807,"MORGAN CITY, LA (2001)","LA","Cruise_ship",76441
"456",7807,"MORGAN CITY, LA (2001)","LA","RG_maritime",197231
"457",7809,"PORTLAND, ME (0101)","ME","Airport - Aircraft - Cargo - CBP",66
"458",7809,"PORTLAND, ME (0101)","ME","Airport - Aircraft - Person - CBP",2911
"459",7809,"PORTLAND, ME (0101)","ME","Cruise_ship",174108
"460",7809,"PORTLAND, ME (0101)","ME","Maritime Port - Vessel - Cargo - CBP",250
"461",7809,"PORTLAND, ME (0101)","ME","RG_maritime",10710
"462",7810,"HOULTON, ME (0106)","ME","Airport - Aircraft - Person - CBP",87
"463",7810,"HOULTON, ME (0106)","ME","Land Border - Truck - Cargo - CBP NB",44794
"464",7810,"HOULTON, ME (0106)","ME","Land Border - Truck - Conveyance - CBP NB",61174
"465",7810,"HOULTON, ME (0106)","ME","Pedestrian NB",5814
"466",7811,"BATON ROUGE, LA (2004)","LA","Cruise_ship",13330
"467",7812,"Bermuda (7421)","DC","Airport - Aircraft - Person - Pre-Clearance",522895
"468",7814,"BOSTON - LOGAN AIRPORT, MA (0417)","MA","Airport - Aircraft - Person - CBP",7569298
"469",7815,"TRENTON/MERCER CTY ARPT (1183)","PA","Airport - Aircraft - Person - CBP",6342
"470",7816,"NEW YORK, NY (1001)","NJ","Cruise_ship",2027174
"471",7816,"NEW YORK, NY (1001)","NJ","Maritime Port - Vessel - Cargo - CBP",4620
"472",7816,"NEW YORK, NY (1001)","NJ","RG_maritime",3879463
"473",7817,"Brownsville - VIB","TX","Land Border - Truck - Conveyance - CBP SB",3731617
"474",7817,"Brownsville - VIB","TX","Pedestrian SB",499466
"475",7818,"Brownsville - BM","TX","Land Border - Truck - Conveyance - CBP SB",3275811
"476",7818,"Brownsville - BM","TX","Pedestrian SB",1397206
"477",7819,"Brownsville - GW","TX","Land Border - Truck - Conveyance - CBP SB",2694436
"478",7819,"Brownsville - GW","TX","Pedestrian SB",3597845
"479",7820,"Los Indios","TX","Land Border - Truck - Cargo - CBP SB",174491
"480",7820,"Los Indios","TX","Land Border - Truck - Conveyance - CBP SB",1697617
"481",7820,"Los Indios","TX","Pedestrian SB",69785
"482",7821,"BROWNSVILLE, TX (2301)","TX","Airport - Aircraft - Person - CBP",30737
"483",7821,"BROWNSVILLE, TX (2301)","TX","Cruise_ship",9272
"484",7821,"BROWNSVILLE, TX (2301)","TX","Land Border - Truck - Cargo - CBP SB",462979
"485",7821,"BROWNSVILLE, TX (2301)","TX","RG_maritime",19818
"486",7822,"BRUNSWICK, GA (1701)","GA","Airport - Aircraft - Person - CBP",768
"487",7822,"BRUNSWICK, GA (1701)","GA","Cruise_ship",29153
"488",7822,"BRUNSWICK, GA (1701)","GA","RG_maritime",31424
"489",7824,"CALEXICO, CA (2503)","CA","Airport - Aircraft - Person - CBP",7026
"490",7824,"CALEXICO, CA (2503)","CA","Land Border - Truck - Conveyance - CBP SB",10411024
"491",7824,"CALEXICO, CA (2503)","CA","Pedestrian SB",5667234
"492",7825,"CHARLESTON, SC (1601)","SC","Airport - Aircraft - Person - CBP",1174
"493",7825,"CHARLESTON, SC (1601)","SC","Cruise_ship",3068
"494",7825,"CHARLESTON, SC (1601)","SC","Maritime Port - Vessel - Cargo - CBP",17328
"495",7825,"CHARLESTON, SC (1601)","SC","RG_maritime",66060
"496",7826,"CHARLOTTE, NC (1512)","NC","Airport - Aircraft - Person - CBP",3378198
"497",7827,"Calgary (7923)","DC","Airport - Aircraft - Person - Pre-Clearance",3596257
"498",7828,"CHICAGO, IL (3901)","IL","Airport - Aircraft - Cargo - CBP",16094
"499",7828,"CHICAGO, IL (3901)","IL","Airport - Aircraft - Person - CBP",11700456
"500",7828,"CHICAGO, IL (3901)","IL","Cruise_ship",6927
"501",7828,"CHICAGO, IL (3901)","IL","Express_courier",24432721
"502",7828,"CHICAGO, IL (3901)","IL","Maritime Port - Vessel - Cargo - CBP",31
"503",7828,"CHICAGO, IL (3901)","IL","Maritime Port - Vessel - Mail - CBP",17522189
"504",7829,"CINCINNATI, OH (4102)","KY","Airport - Aircraft - Cargo - CBP",178
"505",7829,"CINCINNATI, OH (4102)","KY","Airport - Aircraft - Person - CBP",204887
"506",7830,"CLEVELAND, OH (4101)","OH","Airport - Aircraft - Cargo - CBP",49
"507",7830,"CLEVELAND, OH (4101)","OH","Airport - Aircraft - Person - CBP",237406
"508",7830,"CLEVELAND, OH (4101)","OH","Cruise_ship",24911
"509",7830,"CLEVELAND, OH (4101)","OH","Maritime Port - Vessel - Cargo - CBP",16
"510",7831,"COLUMBUS, NM (2406)","NM","Land Border - Truck - Cargo - CBP SB",8722
"511",7831,"COLUMBUS, NM (2406)","NM","Land Border - Truck - Conveyance - CBP SB",33
"512",7831,"COLUMBUS, NM (2406)","NM","Pedestrian SB",140
"513",7832,"COLUMBUS, OH (4103)","OH","Airport - Aircraft - Person - CBP",33275
"514",7833,"CORPUS CHRISTI, TX (5312)","TX","Airport - Aircraft - Person - CBP",696
"515",7833,"CORPUS CHRISTI, TX (5312)","TX","Cruise_ship",69122
"516",7833,"CORPUS CHRISTI, TX (5312)","TX","RG_maritime",554835
"517",7834,"DALLAS/FT WORTH TX (5501)","TX","Airport - Aircraft - Cargo - CBP",1437
"518",7834,"DALLAS/FT WORTH TX (5501)","TX","Airport - Aircraft - Person - CBP",11351947
"519",7892,"FREEPORT, TX (5311)","TX","Cruise_ship",0
"520",7892,"FREEPORT, TX (5311)","TX","Maritime Port - Vessel - Cargo - CBP",6531
"521",7892,"FREEPORT, TX (5311)","TX","RG_maritime",239172
"522",7894,"Miami Air - Terminal J","FL","Airport - Aircraft - Person - CBP",7274437
"523",7895,"Donna","TX","Land Border - Truck - Conveyance - CBP SB",1759087
"524",7895,"Donna","TX","Pedestrian SB",4237
"525",7901,"MIDWAY INTL AIRPORT (3910)","IL","Airport - Aircraft - Person - CBP",805029
"526",7902,"CALAIS, ME (0115)","ME","Cruise_ship",5039
"527",7902,"CALAIS, ME (0115)","ME","Land Border - Truck - Cargo - CBP NB",125162
"528",7902,"CALAIS, ME (0115)","ME","Land Border - Truck - Conveyance - CBP NB",1139606
"529",7902,"CALAIS, ME (0115)","ME","Pedestrian NB",17907
"530",7902,"CALAIS, ME (0115)","ME","Rail_cargo",727
"531",7902,"CALAIS, ME (0115)","ME","Rail_passengers",1
"532",7903,"WEST PALM BEACH, FL (5204)","FL","Airport - Aircraft - Person - CBP",94
"533",7903,"WEST PALM BEACH, FL (5204)","FL","Cruise_ship",114076
"534",7903,"WEST PALM BEACH, FL (5204)","FL","Maritime Port - Vessel - Cargo - CBP",236
"535",7906,"Newark - Terminal B","NJ","Airport - Aircraft - Person - CBP",10455252
"536",7906,"Newark - Terminal B","NJ","Cruise_ship",1137012
"537",7907,"Newark - Terminal C","NJ","Airport - Aircraft - Person - CBP",3166077
"538",7907,"Newark - Terminal C","NJ","Cruise_ship",1915060
"539",7908,"Orlando - Terminal 4","FL","Airport - Aircraft - Person - CBP",3343471
"540",7909,"SASABE, AZ (2606)","AZ","Land Border - Truck - Cargo - CBP SB",272
"541",7910,"Terminal 5","NY","Airport - Aircraft - Person - CBP",5103981
"542",7911,"Terminal 7","NY","Airport - Aircraft - Person - CBP",1955796
"543",7912,"Terminal 8","NY","Airport - Aircraft - Person - CBP",7278131
"544",7913,"JFK - Terminal 4","NY","Airport - Aircraft - Person - CBP",12119095
"545",7914,"JFK - Terminal 1","NY","Airport - Aircraft - Person - CBP",6431721
"546",7915,"Miami Air - Terminal D","FL","Airport - Aircraft - Person - CBP",14669872
"547",7916,"Miami Air - Terminal E","FL","Airport - Aircraft - Person - CBP",911866
"548",7917,"Minneapolis - CBP Terminal 1","MN","Airport - Aircraft - Person - CBP",2050867
"549",7918,"Minneapolis - CBP Terminal 2","MN","Airport - Aircraft - Person - CBP",438868
"550",7919,"JACKMAN, ME (0104)","ME","Land Border - Truck - Cargo - CBP NB",34
"551",7919,"JACKMAN, ME (0104)","ME","Land Border - Truck - Conveyance - CBP NB",214780
"552",7919,"JACKMAN, ME (0104)","ME","Pedestrian NB",3105
"553",7919,"JACKMAN, ME (0104)","ME","Rail_cargo",291
"554",7920,"Blaine - Pacific Highway","WA","Airport - Aircraft - Person - CBP",12938
"555",7920,"Blaine - Pacific Highway","WA","Cruise_ship",49007
"556",7920,"Blaine - Pacific Highway","WA","Land Border - Truck - Cargo - CBP NB",758029
"557",7920,"Blaine - Pacific Highway","WA","Land Border - Truck - Conveyance - CBP NB",4087371
"558",7920,"Blaine - Pacific Highway","WA","Maritime Port - Vessel - Cargo - CBP",0
"559",7920,"Blaine - Pacific Highway","WA","Maritime Port - Vessel - Mail - CBP",0
"560",7920,"Blaine - Pacific Highway","WA","Pedestrian NB",295560
"561",7920,"Blaine - Pacific Highway","WA","RG_maritime",12343.6
"562",7920,"Blaine - Pacific Highway","WA","Rail_cargo",4480
"563",7921,"Blaine - Peace Arch","WA","Land Border - Truck - Conveyance - CBP NB",3280736
"564",7921,"Blaine - Peace Arch","WA","Pedestrian NB",1734
"565",7921,"Blaine - Peace Arch","WA","Rail_passengers",124
"566",7927,"NOGALES, AZ (2604)","AZ","Land Border - Truck - Cargo - CBP SB",873543
"567",7927,"NOGALES, AZ (2604)","AZ","Rail_cargo",501
"568",7933,"HARTFORD, CT (0411)","CT","Airport - Aircraft - Cargo - CBP",2
"569",7933,"HARTFORD, CT (0411)","CT","Airport - Aircraft - Person - CBP",53416
"570",7933,"HARTFORD, CT (0411)","CT","Cruise_ship",6352
"571",7933,"HARTFORD, CT (0411)","CT","Maritime Port - Vessel - Cargo - CBP",200
"572",7933,"HARTFORD, CT (0411)","CT","RG_maritime",2496
"573",7962,"TOLEDO, OH (4105)","OH","Airport - Aircraft - Person - CBP",5805
"574",7962,"TOLEDO, OH (4105)","OH","Cruise_ship",14023
"575",7963,"GRAND PORTAGE, MN (3613)","MN","Land Border - Truck - Cargo - CBP NB",22377
"576",7963,"GRAND PORTAGE, MN (3613)","MN","Land Border - Truck - Conveyance - CBP NB",338932
"577",7963,"GRAND PORTAGE, MN (3613)","MN","Pedestrian NB",4323
"578",7964,"ROCHESTER, NY (0903)","NY","Airport - Aircraft - Cargo - CBP",2
"579",7964,"ROCHESTER, NY (0903)","NY","Airport - Aircraft - Person - CBP",2386
"580",7964,"ROCHESTER, NY (0903)","NY","Cruise_ship",131
"581",7964,"ROCHESTER, NY (0903)","NY","Express_courier",10119
"582",7966,"PORT ANGELES, WA (3007)","WA","Cruise_ship",161549
"583",7966,"PORT ANGELES, WA (3007)","WA","Land Border - Truck - Cargo - CBP NB",333
"584",7966,"PORT ANGELES, WA (3007)","WA","Land Border - Truck - Conveyance - CBP NB",130891
"585",7966,"PORT ANGELES, WA (3007)","WA","Maritime Port - Vessel - Cargo - CBP",12
"586",7967,"VAN BUREN, ME (0108)","ME","Airport - Aircraft - Person - CBP",199
"587",7967,"VAN BUREN, ME (0108)","ME","Land Border - Truck - Cargo - CBP NB",43516
"588",7967,"VAN BUREN, ME (0108)","ME","Land Border - Truck - Conveyance - CBP NB",194317
"589",7968,"LEESBURG REGIONAL AIRPT (1887)","FL","Airport - Aircraft - Person - CBP",1145
"590",7972,"Shannon Preclearance (7542) ","DC","Airport - Aircraft - Person - Pre-Clearance",331031
"591",8112,"OTAY-CROSS BORDER UFA SAN DIEGO, CA (2582) ","CA","Pedestrian SB",6070462
"592",11003,"Tacoma","WA","Airport - Aircraft - Person - CBP",0
"593",11003,"Tacoma","WA","Cruise_ship",0
"594",11003,"Tacoma","WA","Maritime Port - Vessel - Cargo - CBP",93
"595",11007,"New York/Newark Area Air Cargo","NJ","Airport - Aircraft - Cargo - CBP",4737
"596",11007,"New York/Newark Area Air Cargo","NJ","Airport - Aircraft - Person - CBP",13621253
"597",11007,"New York/Newark Area Air Cargo","NJ","Express_courier",141670
"598",11008,"New York/Newark Area Sea","NJ","Cruise_ship",1314808
"599",11008,"New York/Newark Area Sea","NJ","Maritime Port - Vessel - Cargo - CBP",72550
"600",11008,"New York/Newark Area Sea","NJ","Maritime Port - Vessel - Mail - CBP",62186
"601",11008,"New York/Newark Area Sea","NJ","RG_maritime",3279738
"602",11013,"Dublin IE Preclearance (7541) ","DC","Airport - Aircraft - Person - Pre-Clearance",2916859
"603",11014,"Abu Dhabi Preclearance (7543) ","DC","Airport - Aircraft - Person - Pre-Clearance",622069
"604",11015,"Edmonton Preclearance (7924) ","DC","Airport - Aircraft - Person - Pre-Clearance",885598
"605",11016,"Winnipeg Preclearance (7928) ","DC","Airport - Aircraft - Person - Pre-Clearance",404139
"606",11017,"Ottawa Preclearance (7929) ","DC","Airport - Aircraft - Person - Pre-Clearance",600240
"607",11022,"Hidalgo","TX","Airport - Aircraft - Person - CBP",14539
"608",11022,"Hidalgo","TX","Land Border - Truck - Conveyance - CBP SB",2776235
"609",11022,"Hidalgo","TX","Pedestrian SB",2702378
"610",11027,"Tornillo-Ft Hancock","TX","Land Border - Truck - Conveyance - CBP SB",210497
"611",11027,"Tornillo-Ft Hancock","TX","Pedestrian SB",4084
"612",11030,"Newburg, NY","NY","Airport - Aircraft - Person - CBP",107902
"613",11031,"Morristown, NJ","NJ","Airport - Aircraft - Person - CBP",1656
"614",11032,"Westchester, NY","NY","Airport - Aircraft - Person - CBP",42884
"615",11033,"Teterboro, NJ","NJ","Airport - Aircraft - Person - CBP",103506
"616",11084,"Joint Base Andrews",NA,"Airport - Aircraft - Person - CBP",25067
"617",11087,"Joint Base McGuire-Dix-Lakehurst",NA,"Airport - Aircraft - Cargo - CBP",0
"618",11087,"Joint Base McGuire-Dix-Lakehurst",NA,"Airport - Aircraft - Person - CBP",6017
"619",11149,"Travis AFB",NA,"Airport - Aircraft - Person - CBP",3765
"620",11156,"US Coast Guard Air Station Sacramento (McClellan)",NA,"Airport - Aircraft - Person - CBP",40
"621",79903,"FEDERAL EXPRESS COURIER AK (3195)","AK","Airport - Aircraft - Person - CBP",33767
"622",79903,"FEDERAL EXPRESS COURIER AK (3195)","AK","Express_courier",5221489
"623",79904,"UPS COURIER HUB, AK (3196)","AK","Airport - Aircraft - Person - CBP",990
"624",79913,"FEDEX COURIER FACILITY OAKLAND (2895)","CA","Express_courier",1173824
"625",79931,"SAN FRANCISCO, CA (2809)","CA","Cruise_ship",838406
"626",79931,"SAN FRANCISCO, CA (2809)","CA","Maritime Port - Vessel - Cargo - CBP",15139
"627",79931,"SAN FRANCISCO, CA (2809)","CA","RG_maritime",1169387
"628",79946,"HONOLULU, HI (3201)","HI","Cruise_ship",232737
"629",79946,"HONOLULU, HI (3201)","HI","Maritime Port - Vessel - Cargo - CBP",735
"630",79946,"HONOLULU, HI (3201)","HI","Maritime Port - Vessel - Mail - CBP",2600
"631",79946,"HONOLULU, HI (3201)","HI","RG_maritime",673444
"632",79948,"PORTHILL, ID (3308)","ID","Land Border - Truck - Cargo - CBP NB",9731
"633",79948,"PORTHILL, ID (3308)","ID","Land Border - Truck - Conveyance - CBP NB",245031
"634",79948,"PORTHILL, ID (3308)","ID","Pedestrian NB",148
"635",79956,"FEDERAL EXPRESS HUB IN (4198)","IN","Airport - Aircraft - Person - CBP",4763
"636",79956,"FEDERAL EXPRESS HUB IN (4198)","IN","Express_courier",9137607
"637",79959,"UPS COURIER LOUISVILLE (4196)","KY","Airport - Aircraft - Person - CBP",22493
"638",79967,"BOSTON, MA (0401)","MA","Airport - Aircraft - Cargo - CBP",14741
"639",79967,"BOSTON, MA (0401)","MA","Cruise_ship",183212
"640",79967,"BOSTON, MA (0401)","MA","Maritime Port - Vessel - Cargo - CBP",137
"641",79967,"BOSTON, MA (0401)","MA","RG_maritime",555682.54
"642",79977,"BALTIMORE, MD (1303)","MD","Cruise_ship",544897
"643",79977,"BALTIMORE, MD (1303)","MD","Maritime Port - Vessel - Cargo - CBP",7951
"644",79985,"FORT FAIRFIELD, ME (0107)","ME","Airport - Aircraft - Person - CBP",20
"645",79985,"FORT FAIRFIELD, ME (0107)","ME","Land Border - Truck - Cargo - CBP NB",104
"646",79985,"FORT FAIRFIELD, ME (0107)","ME","Land Border - Truck - Conveyance - CBP NB",600
"647",79985,"FORT FAIRFIELD, ME (0107)","ME","Pedestrian NB",3
"648",80010,"BAUDETTE, MN (3424)","MN","Land Border - Truck - Cargo - CBP NB",8087
"649",80010,"BAUDETTE, MN (3424)","MN","Land Border - Truck - Conveyance - CBP NB",264401
"650",80010,"BAUDETTE, MN (3424)","MN","Pedestrian NB",2032
"651",80019,"VICKSBURG, MS (2015)","MS","Airport - Aircraft - Person - CBP",286
"652",80031,"WINSTON-SALEM, NC (1502)","NC","Airport - Aircraft - Person - CBP",1983
"653",80073,"MASSENA, NY (0704)","NY","Airport - Aircraft - Person - CBP",156
"654",80073,"MASSENA, NY (0704)","NY","Land Border - Truck - Cargo - CBP NB",46121
"655",80073,"MASSENA, NY (0704)","NY","Land Border - Truck - Conveyance - CBP NB",1601205
"656",80073,"MASSENA, NY (0704)","NY","Pedestrian NB",30987
"657",80074,"OGDENSBURG, NY (0701)","NY","Airport - Aircraft - Person - CBP",161
"658",80074,"OGDENSBURG, NY (0701)","NY","Land Border - Truck - Cargo - CBP NB",74828
"659",80074,"OGDENSBURG, NY (0701)","NY","Land Border - Truck - Conveyance - CBP NB",484804
"660",80074,"OGDENSBURG, NY (0701)","NY","Pedestrian NB",5041
"661",80077,"SYRACUSE, NY (0906)","NY","Airport - Aircraft - Cargo - CBP",0
"662",80077,"SYRACUSE, NY (0906)","NY","Airport - Aircraft - Person - CBP",2133
"663",80077,"SYRACUSE, NY (0906)","NY","Cruise_ship",1805
"664",80077,"SYRACUSE, NY (0906)","NY","Express_courier",70837
"665",80078,"TROUT RIVER, NY (0715)","NY","Land Border - Truck - Cargo - CBP NB",22939
"666",80078,"TROUT RIVER, NY (0715)","NY","Rail_cargo",4
"667",80095,"UPS HUB, PHILADELPHIA, PA (1195)","PA","Airport - Aircraft - Person - CBP",2926
"668",80095,"UPS HUB, PHILADELPHIA, PA (1195)","PA","Express_courier",126489
"669",80098,"ERIE, PA (4106)","PA","Airport - Aircraft - Person - CBP",4417
"670",80098,"ERIE, PA (4106)","PA","Cruise_ship",152
"671",80105,"ADDISON AIRPORT (5584)","TX","Airport - Aircraft - Person - CBP",1025
"672",80106,"AMARILLO, TX (5502)","TX","Airport - Aircraft - Person - CBP",144
"673",80108,"FORT WORTH ALLIANCE AP (5583)","TX","Airport - Aircraft - Person - CBP",322
"674",80109,"LUBBOCK, TX (5503)","TX","Airport - Aircraft - Person - CBP",14
"675",80110,"MIDLAND INTERNATIONAL AI (5582)","TX","Airport - Aircraft - Person - CBP",303
"676",80118,"RICHMOND-PETERSBURG, VA (1404)","VA","Airport - Aircraft - Cargo - CBP",2
"677",80118,"RICHMOND-PETERSBURG, VA (1404)","VA","Airport - Aircraft - Person - CBP",3230
"678",80118,"RICHMOND-PETERSBURG, VA (1404)","VA","Cruise_ship",678
"679",80118,"RICHMOND-PETERSBURG, VA (1404)","VA","Maritime Port - Vessel - Cargo - CBP",1
"680",80133,"BOUNDARY, WA (3015)","WA","Land Border - Truck - Cargo - CBP NB",147
"681",80133,"BOUNDARY, WA (3015)","WA","Land Border - Truck - Conveyance - CBP NB",7328
"682",80133,"BOUNDARY, WA (3015)","WA","Pedestrian NB",74
"683",80134,"DANVILLE, WA (3012)","WA","Land Border - Truck - Cargo - CBP NB",94
"684",80134,"DANVILLE, WA (3012)","WA","Land Border - Truck - Conveyance - CBP NB",9016
"685",80134,"DANVILLE, WA (3012)","WA","Pedestrian NB",0
"686",80136,"FERRY, WA (3013)","WA","Land Border - Truck - Cargo - CBP NB",12
"687",80136,"FERRY, WA (3013)","WA","Land Border - Truck - Conveyance - CBP NB",5554
"688",80136,"FERRY, WA (3013)","WA","Pedestrian NB",0
"689",80138,"FRONTIER, WA (3020)","WA","Land Border - Truck - Cargo - CBP NB",12539
"690",80138,"FRONTIER, WA (3020)","WA","Land Border - Truck - Conveyance - CBP NB",16097
"691",80138,"FRONTIER, WA (3020)","WA","Pedestrian NB",453
"692",80141,"LAURIER, WA (3016)","WA","Airport - Aircraft - Person - CBP",0
"693",80141,"LAURIER, WA (3016)","WA","Land Border - Truck - Cargo - CBP NB",5247
"694",80141,"LAURIER, WA (3016)","WA","Land Border - Truck - Conveyance - CBP NB",11960
"695",80141,"LAURIER, WA (3016)","WA","Pedestrian NB",302
"696",80143,"METALINE FALLS (3025)","WA","Land Border - Truck - Cargo - CBP NB",2596
"697",80143,"METALINE FALLS (3025)","WA","Land Border - Truck - Conveyance - CBP NB",9224
"698",80143,"METALINE FALLS (3025)","WA","Pedestrian NB",165
"699",80145,"NIGHTHAWK, WA (3011)","WA","Land Border - Truck - Conveyance - CBP NB",2680
"700",80156,"RACINE, WI (3708)","WI","Airport - Aircraft - Person - CBP",93
"701",80385,"CHATEAUGAY (0711)","NY","Land Border - Truck - Cargo - CBP NB",156
"702",80390,"COLLIN CNTY REGNL APT (5585)","TX","Airport - Aircraft - Person - CBP",163
"703",80405,"DALLAS LOVE FIELD (DAL) (5588)","TX","Airport - Aircraft - Person - CBP",3909
"704",80434,"YSLETA, TX (2401)","TX","Land Border - Truck - Cargo - CBP SB",5948
"705",80448,"FORT COVINGTON (0705)","NY","Land Border - Truck - Cargo - CBP NB",2
"706",80456,"FRESNO YOSEMITE AIRPORT (2882)","CA","Airport - Aircraft - Person - CBP",357214
"707",80489,"HOBBY AIRPORT, TX (5314)","TX","Airport - Aircraft - Person - CBP",1033929
"708",80546,"JOHN WAYNE AIRPORT (2787)","CA","Airport - Aircraft - Person - CBP",189097
"709",80640,"ORLANDO SANFORD AIRPORT (1809)","FL","Airport - Aircraft - Person - CBP",70738
"710",80650,"PHILADELPHIA, PA (1101)","PA","Airport - Aircraft - Cargo - CBP",1504
"711",80650,"PHILADELPHIA, PA (1101)","PA","Airport - Aircraft - Person - CBP",2441658
"712",80650,"PHILADELPHIA, PA (1101)","PA","Cruise_ship",71754
"713",80650,"PHILADELPHIA, PA (1101)","PA","Maritime Port - Vessel - Cargo - CBP",151859
"714",80650,"PHILADELPHIA, PA (1101)","PA","RG_maritime",346139.594
"715",80679,"SACRAMENTO INT AIRPORT (2835)","CA","Airport - Aircraft - Person - CBP",358883
"716",80679,"SACRAMENTO INT AIRPORT (2835)","CA","Cruise_ship",1369
"717",81075,"Orlando - Terminal C","FL","Airport - Aircraft - Person - CBP",2523281
"718",81114,"DHL ATLANTA HUB (1791)","GA","Express_courier",4234870
"719",81122,"TX Fort Worth Meacham International Airport (5589)","TX","Airport - Aircraft - Person - CBP",524
"720",81123,"APPLETON, WI (3781)","WI","Airport - Aircraft - Person - CBP",81
